[
  {
    "id": 1,
    "priority": 1,
    "action": {
      "type": "modifyHeaders",
      "requestHeaders": [
        {
          "header": "User-Agent",
          "operation": "set",
          "value": "Mozilla/5.0 (Windows NT 10.0; Win64; x64) AppleWebKit/537.36 (KHTML, like Gecko) Chrome/128.0.0.0 Safari/537.36 OPR/114.0.0.0"
        }
      ]
    },
    "condition": {
      "urlFilter": "https://allegro.pl/*",
      "resourceTypes": ["xmlhttprequest", "other"]
    }
  }
]